Clase,age,Medu,Fedu,traveltime,studytime,failures,famrel,freetime,goout,Dalc,Walc,health,absences,G2,G3
Alta,16.4,3.325,2.8,1.275,2.2,0.025,4.075,3.35,2.95,1.275,1.9,3.3,4.3,16.7,17.225
Baja,17.0,2.6739130434782608,2.380434782608696,1.4456521739130435,1.934782608695652,0.5978260869565217,3.902173913043478,3.3152173913043477,3.4782608695652173,1.641304347826087,2.5217391304347827,3.717391304347826,9.554347826086957,7.717391304347826,7.608695652173913
Clase_G3_0,17.07894736842105,2.3157894736842106,2.289473684210526,1.605263157894737,1.9736842105263157,0.9210526315789473,3.8421052631578947,3.1315789473684212,3.210526315789474,1.3421052631578947,1.9210526315789473,3.6052631578947367,0.0,4.657894736842105,0.0
Media-Alta,16.505494505494507,3.0,2.7472527472527473,1.3736263736263736,2.120879120879121,0.10989010989010989,3.923076923076923,3.1648351648351647,2.956043956043956,1.4175824175824177,2.120879120879121,3.4285714285714284,4.813186813186813,13.747252747252746,14.021978021978022
Media-Baja,16.597014925373134,2.582089552238806,2.4477611940298507,1.507462686567164,2.014925373134328,0.23134328358208955,3.9776119402985075,3.2238805970149254,2.9776119402985075,1.5149253731343284,2.470149253731343,3.58955223880597,5.7164179104477615,10.64179104477612,10.813432835820896
